country,date,sector,value,timestamp
Brazil,01/01/2019,Domestic Aviation,1,1546300800
China,01/01/2019,Domestic Aviation,2,1546300800
EU27 & UK,01/01/2019,Domestic Aviation,3,1546300800
India,01/01/2019,Domestic Aviation,4,1546300800
Japan,01/01/2019,Domestic Aviation,5,1546300800
Russia,01/01/2019,Domestic Aviation,6,1546300800
US,01/01/2019,Domestic Aviation,7,1546300800
ROW,01/01/2019,Domestic Aviation,8,1546300800
WORLD,01/01/2019,Domestic Aviation,36,1546300800
Brazil,01/01/2019,Ground Transport,1,1546300800
China,01/01/2019,Ground Transport,2,1546300800
EU27 & UK,01/01/2019,Ground Transport,3,1546300800
India,01/01/2019,Ground Transport,4,1546300800
Japan,01/01/2019,Ground Transport,5,1546300800
Russia,01/01/2019,Ground Transport,6,1546300800
US,01/01/2019,Ground Transport,7,1546300800
ROW,01/01/2019,Ground Transport,8,1546300800
WORLD,01/01/2019,Ground Transport,36,1546300800
Brazil,01/01/2019,Industry,1,1546300800
China,01/01/2019,Industry,2,1546300800
EU27 & UK,01/01/2019,Industry,3,1546300800
India,01/01/2019,Industry,4,1546300800
Japan,01/01/2019,Industry,5,1546300800
Russia,01/01/2019,Industry,6,1546300800
US,01/01/2019,Industry,7,1546300800
ROW,01/01/2019,Industry,8,1546300800
WORLD,01/01/2019,Industry,36,1546300800
Brazil,01/01/2019,International Aviation,1,1546300800
China,01/01/2019,International Aviation,2,1546300800
EU27 & UK,01/01/2019,International Aviation,3,1546300800
India,01/01/2019,International Aviation,4,1546300800
Japan,01/01/2019,International Aviation,5,1546300800
Russia,01/01/2019,International Aviation,6,1546300800
US,01/01/2019,International Aviation,7,1546300800
ROW,01/01/2019,International Aviation,8,1546300800
WORLD,01/01/2019,International Aviation,36,1546300800
Brazil,01/01/2019,Power,1,1546300800
China,01/01/2019,Power,2,1546300800
EU27 & UK,01/01/2019,Power,3,1546300800
India,01/01/2019,Power,4,1546300800
Japan,01/01/2019,Power,5,1546300800
Russia,01/01/2019,Power,6,1546300800
US,01/01/2019,Power,7,1546300800
ROW,01/01/2019,Power,8,1546300800
WORLD,01/01/2019,Power,36,1546300800
Brazil,01/01/2019,Residential,1,1546300800
China,01/01/2019,Residential,2,1546300800
EU27 & UK,01/01/2019,Residential,3,1546300800
India,01/01/2019,Residential,4,1546300800
Japan,01/01/2019,Residential,5,1546300800
Russia,01/01/2019,Residential,6,1546300800
US,01/01/2019,Residential,7,1546300800
ROW,01/01/2019,Residential,8,1546300800
WORLD,01/01/2019,Residential,36,1546300800
Brazil,02/01/2019,Domestic Aviation,1,1546387200
China,02/01/2019,Domestic Aviation,2,1546387200
EU27 & UK,02/01/2019,Domestic Aviation,3,1546387200
India,02/01/2019,Domestic Aviation,4,1546387200
Japan,02/01/2019,Domestic Aviation,5,1546387200
Russia,02/01/2019,Domestic Aviation,6,1546387200
US,02/01/2019,Domestic Aviation,7,1546387200
ROW,02/01/2019,Domestic Aviation,8,1546387200
WORLD,02/01/2019,Domestic Aviation,36,1546387200
Brazil,02/01/2019,Ground Transport,1,1546387200
China,02/01/2019,Ground Transport,2,1546387200
EU27 & UK,02/01/2019,Ground Transport,3,1546387200
India,02/01/2019,Ground Transport,4,1546387200
Japan,02/01/2019,Ground Transport,5,1546387200
Russia,02/01/2019,Ground Transport,6,1546387200
US,02/01/2019,Ground Transport,7,1546387200
ROW,02/01/2019,Ground Transport,8,1546387200
WORLD,02/01/2019,Ground Transport,36,1546387200
Brazil,02/01/2019,Industry,1,1546387200
China,02/01/2019,Industry,2,1546387200
EU27 & UK,02/01/2019,Industry,3,1546387200
India,02/01/2019,Industry,4,1546387200
Japan,02/01/2019,Industry,5,1546387200
Russia,02/01/2019,Industry,6,1546387200
US,02/01/2019,Industry,7,1546387200
ROW,02/01/2019,Industry,8,1546387200
WORLD,02/01/2019,Industry,36,1546387200
Brazil,02/01/2019,International Aviation,1,1546387200
China,02/01/2019,International Aviation,2,1546387200
EU27 & UK,02/01/2019,International Aviation,3,1546387200
India,02/01/2019,International Aviation,4,1546387200
Japan,02/01/2019,International Aviation,5,1546387200
Russia,02/01/2019,International Aviation,6,1546387200
US,02/01/2019,International Aviation,7,1546387200
ROW,02/01/2019,International Aviation,8,1546387200
WORLD,02/01/2019,International Aviation,36,1546387200
Brazil,02/01/2019,Power,1,1546387200
China,02/01/2019,Power,2,1546387200
EU27 & UK,02/01/2019,Power,3,1546387200
India,02/01/2019,Power,4,1546387200
Japan,02/01/2019,Power,5,1546387200
Russia,02/01/2019,Power,6,1546387200
US,02/01/2019,Power,7,1546387200
ROW,02/01/2019,Power,8,1546387200
WORLD,02/01/2019,Power,36,1546387200
Brazil,02/01/2019,Residential,1,1546387200
China,02/01/2019,Residential,2,1546387200
EU27 & UK,02/01/2019,Residential,3,1546387200
India,02/01/2019,Residential,4,1546387200
Japan,02/01/2019,Residential,5,1546387200
Russia,02/01/2019,Residential,6,1546387200
US,02/01/2019,Residential,7,1546387200
ROW,02/01/2019,Residential,8,1546387200
WORLD,02/01/2019,Residential,36,1546387200
